{
  "version": "1.1.0",
  "diagrams": [
    {
      "ordinal": 0,
      "scrollPosition": {
        "x": 0,
        "y": 0
      },
      "nodes": [
        {
          "location": {
            "x": 591.93829085636094,
            "y": 538.27746867712187
          },
          "nodeIndex": "Misures",
          "nodeLineageTag": "ad58ef65-d78b-4fb3-adb2-4fcc335465d7",
          "size": {
            "height": 145,
            "width": 234
          },
          "zIndex": 3
        },
        {
          "location": {
            "x": 284,
            "y": 183.67921694239692
          },
          "nodeIndex": "gigi_number",
          "nodeLineageTag": "083e2641-e094-438c-b4e2-a4405d498d27",
          "size": {
            "height": 200,
            "width": 193.12933873007194
          },
          "zIndex": 1
        },
        {
          "location": {
            "x": 546.55775706385339,
            "y": 91.729230899479759
          },
          "nodeIndex": "SerieTemporale",
          "nodeLineageTag": "8e4471f5-cb74-4020-9f24-f994f816a007",
          "size": {
            "height": 200,
            "width": 234
          },
          "zIndex": 2
        },
        {
          "location": {
            "x": 790.37239153618248,
            "y": 107.64898296882973
          },
          "nodeIndex": "Fact",
          "nodeLineageTag": "cf6d70c4-23b6-4d65-8c58-f896713b1335",
          "size": {
            "height": 296,
            "width": 234
          },
          "zIndex": 0
        }
      ],
      "name": "All tables",
      "zoomValue": 70.95554390096882,
      "pinKeyFieldsToTop": false,
      "showExtraHeaderInfo": false,
      "hideKeyFieldsWhenCollapsed": false,
      "tablesLocked": false
    }
  ],
  "selectedDiagram": "All tables",
  "defaultDiagram": "All tables"
}